NOM;EDE
EARL ALLARD;63412018
EARL BONNE MAISON;35166004
EARL BREIZH MONTBE;56172121
EARL CALVET;43025013
EARL DE CHENALBONNE;38125002
EARL DE LA TREHIGUIERE;56212467
EARL DE LA VILLECHERE;35347293
EARL DE L'ESPERANCE;63451054
EARL DE L'OSERAIE;15107157
EARL DES FENNONIERES;01299044
EARL DES LILAS;56182015
EARL DU BAS VILLAGE;35152021
EARL DU BOIS;35164020
EARL DU BRIGNO;56159003
EARL DU CAMELIA;35119022
EARL DU CANARDIER;35360030
EARL DU HETRE;56201003
EARL DU MANOIR COETGUEL;56153098
EARL FERME DE LA BOURRIERE;38225031
EARL FLAVAL;56096195
EARL FORRAT;01118062
EARL FRIN;35105028
EARL JOUANNO;56203077
EARL LA FERME DE LA VILLE;74285025
EARL LA FERME DE MASSAGETTES;63386121
EARL LA PALLAZ;74062060
EARL LE CLEZIO GWENAEL;56093014
EARL LE FLOC;56047145
EARL LE VAL DU BLOSNE;35055036
EARL LES CHAPELLES;35016002
EARL LES LANDES D'ANCENIS;44144044
EARL MONTBELOG;56147007
EARL PELIN;63412022
EARL PEU;35119151
EARL PIEL;35245174
EARL PLAUD;56147952
EARL PONTARFF;56175384
EARL REVAULT;35015252
EARL ROPERT;56024288
EARL SYLCHRIS;35015060
EARL TENDRON;56147723
GAEC AR SCORV;56163013
GAEC BRUEL;15196060
GAEC DE CLARET;38225012
GAEC DE LA BARBIERE;69220085
GAEC DE LA CALSADE;15017011
GAEC DE LA CLOSETTE;44217003
GAEC DE LA DIFFERENCE;42192056
GAEC DE LA FLECHE D'OR;74170055
GAEC DE LA GRANGE DU PRE;69110560
GAEC DE LA JEUSSAIS;35221111
GAEC DE LA PENDARIE;15166044
GAEC DE LA RAMINAIS;35158016
GAEC DE LA SABLIERE;49239085
GAEC DE L'AULNE;53137007
GAEC DE L'AVENIR;53209106
GAEC DE LIGNEROGE;53186088
GAEC DE L'ORMANCHERE;42059201
GAEC DE PRECHONNET;63048122
GAEC DES AJONCS;56089270
GAEC DES CHENES;56017047
GAEC DES CHOMETTES;42042126
GAEC DES ECARASSES;42064306
GAEC DES EGLANTIERS;15207015
GAEC DES JARDINS;42227201
GAEC DES MUGUETS;74068110
GAEC DES PERVENCHES;43197164
GAEC DES PLATANES;38456003
GAEC DES TILLEULS VERTS;35243010
GAEC DES TROIS FAYARDS;69014085
GAEC DU BONHEUR;01419017
GAEC DU BORD DE LA VILAINE;56004150
GAEC DU BRESSON;42021086
GAEC DU CHAPILLY;43197137
GAEC DU CROZET;63412019
GAEC DU GRES;44099004
GAEC DU MARJON;69176450
GAEC DU POLISAN;42234161
GAEC DU PRINTEMPS;73178022
GAEC DU PUY;63025006
GAEC DU SACRE COEUR;44077079
GAEC DU VERGER;44067659
GAEC FAILLE;15035155
GAEC FRAISSE LA COTE;42318756
GAEC GRAND MAISON;35164107
GAEC LA BASSE ARBRETIERE;85296165
GAEC LACQUEMARD;74029010
GAEC LE BRAZIDEC;56070148
GAEC LE GAZON-FORGERIT;85135060
GAEC MONTBEBREIZH;56244359
GAEC POUX;63110129
GAEC RETY PHILIPPE;56163010
GAEC ROUSSEL PHILIPPE;56067906
Mr ACHARD Joel;43126113
Mr BILLAUD Jean-Marc;42289064
Mr BLAIN Philippe;56171035
Mr BONNEL Henri;42140016
Mr CHAPUY Michel;01350115
Mr DAUDE Jean-Bernard;15234055
Mr JULLIAN-CHEVILLON Ren√©;38460005
Mr LAURENT Christophe;42128206
Mr PACAUD Claude;01139063
Mr PARIS Aymeric;35042006
Mr PASCO Alain;56178004
Mr PONCET Bernard;69095145
Mr PROVOST Dominique;56153343
Mr RAVINET Olivier;01179048
Mr RENAUD Olivier;56244003
Mr RISSE Roland;01135010
Mr RONDIN Jean-Claude;35092148
Mr SARROU Pierre;15059151
SCEA DE MARGAILLAND;01052056
SCEA LOPOSCOAL;56010445
